{"lr": 0.006328147036314367, "data_time": 0.030168867111206053, "loss": 0.1390705682337284, "decode.loss_ce": 0.08842628970742225, "decode.acc_seg": 95.77765655517578, "aux.loss_ce": 0.050644277781248095, "aux.acc_seg": 94.32258605957031, "time": 0.23178067207336425, "iter": 8050, "memory": 24925, "step": 8050}
{"lr": 0.0063046888488692675, "data_time": 0.028249907493591308, "loss": 0.14513508528470992, "decode.loss_ce": 0.09237480014562607, "decode.acc_seg": 96.18826293945312, "aux.loss_ce": 0.05276028513908386, "aux.acc_seg": 94.99635314941406, "time": 0.22956206798553466, "iter": 8100, "memory": 10249, "step": 8100}
{"lr": 0.006281220802941462, "data_time": 0.02807142734527588, "loss": 0.15242274403572081, "decode.loss_ce": 0.09750092253088952, "decode.acc_seg": 96.633056640625, "aux.loss_ce": 0.05492182113230228, "aux.acc_seg": 95.71914672851562, "time": 0.22944390773773193, "iter": 8150, "memory": 10249, "step": 8150}
{"lr": 0.006257742852764361, "data_time": 0.02815263271331787, "loss": 0.13588407039642333, "decode.loss_ce": 0.08664027452468873, "decode.acc_seg": 96.89116668701172, "aux.loss_ce": 0.04924379661679268, "aux.acc_seg": 95.98026275634766, "time": 0.22952470779418946, "iter": 8200, "memory": 10249, "step": 8200}
{"lr": 0.006234254952164031, "data_time": 0.0320676326751709, "loss": 0.14985544681549073, "decode.loss_ce": 0.09516355469822883, "decode.acc_seg": 97.22943115234375, "aux.loss_ce": 0.054691890999674794, "aux.acc_seg": 96.38739013671875, "time": 0.23359005451202391, "iter": 8250, "memory": 10249, "step": 8250}
{"lr": 0.006210757054553831, "data_time": 0.02951192855834961, "loss": 0.13948465064167975, "decode.loss_ce": 0.08884222581982612, "decode.acc_seg": 96.27117919921875, "aux.loss_ce": 0.050642425566911696, "aux.acc_seg": 95.07302856445312, "time": 0.23154153823852539, "iter": 8300, "memory": 10249, "step": 8300}
{"lr": 0.006187249112928941, "data_time": 0.02967255115509033, "loss": 0.13233545124530793, "decode.loss_ce": 0.08406660333275795, "decode.acc_seg": 96.68951416015625, "aux.loss_ce": 0.048268846422433856, "aux.acc_seg": 95.81637573242188, "time": 0.23161673545837402, "iter": 8350, "memory": 10249, "step": 8350}
{"lr": 0.006163731079860801, "data_time": 0.0283679723739624, "loss": 0.13980045318603515, "decode.loss_ce": 0.08856580406427383, "decode.acc_seg": 96.99702453613281, "aux.loss_ce": 0.051234647259116174, "aux.acc_seg": 96.13046264648438, "time": 0.22979896068572997, "iter": 8400, "memory": 10249, "step": 8400}
{"lr": 0.006140202907491432, "data_time": 0.029799365997314455, "loss": 0.13720477223396302, "decode.loss_ce": 0.08744532316923141, "decode.acc_seg": 95.84355163574219, "aux.loss_ce": 0.04975944943726063, "aux.acc_seg": 94.687744140625, "time": 0.23214516639709473, "iter": 8450, "memory": 10249, "step": 8450}
{"lr": 0.0061166645475277, "data_time": 0.03455915451049805, "loss": 0.13297363817691804, "decode.loss_ce": 0.08476794883608818, "decode.acc_seg": 96.5757827758789, "aux.loss_ce": 0.04820568859577179, "aux.acc_seg": 95.57967376708984, "time": 0.23712804317474365, "iter": 8500, "memory": 10249, "step": 8500}
{"lr": 0.006093115951235432, "data_time": 0.03044285774230957, "loss": 0.138646100461483, "decode.loss_ce": 0.08850088492035865, "decode.acc_seg": 97.23262786865234, "aux.loss_ce": 0.05014521665871143, "aux.acc_seg": 96.39606475830078, "time": 0.2325202703475952, "iter": 8550, "memory": 10249, "step": 8550}
{"lr": 0.006069557069433436, "data_time": 0.02890899181365967, "loss": 0.1270688533782959, "decode.loss_ce": 0.08084147721529007, "decode.acc_seg": 96.64478302001953, "aux.loss_ce": 0.04622737653553486, "aux.acc_seg": 95.7548599243164, "time": 0.23076045513153076, "iter": 8600, "memory": 10249, "step": 8600}
{"lr": 0.006045987852487437, "data_time": 0.028522324562072755, "loss": 0.14308986216783523, "decode.loss_ce": 0.09115758910775185, "decode.acc_seg": 96.34590148925781, "aux.loss_ce": 0.05193227268755436, "aux.acc_seg": 95.36671447753906, "time": 0.2301176071166992, "iter": 8650, "memory": 10249, "step": 8650}
{"lr": 0.006022408250303883, "data_time": 0.028199410438537596, "loss": 0.1396168828010559, "decode.loss_ce": 0.08890118077397346, "decode.acc_seg": 97.21098327636719, "aux.loss_ce": 0.05071569904685021, "aux.acc_seg": 96.4000244140625, "time": 0.22977781295776367, "iter": 8700, "memory": 10249, "step": 8700}
{"lr": 0.00599881821232365, "data_time": 0.03248708248138428, "loss": 0.1471618928015232, "decode.loss_ce": 0.09373462945222855, "decode.acc_seg": 97.06497192382812, "aux.loss_ce": 0.053427263349294665, "aux.acc_seg": 96.25191497802734, "time": 0.23413901329040526, "iter": 8750, "memory": 10249, "step": 8750}
{"lr": 0.005975217687515603, "data_time": 0.029654765129089357, "loss": 0.14226842820644378, "decode.loss_ce": 0.08979483023285866, "decode.acc_seg": 96.68936920166016, "aux.loss_ce": 0.05247359499335289, "aux.acc_seg": 95.80197143554688, "time": 0.23106849193572998, "iter": 8800, "memory": 10249, "step": 8800}
{"lr": 0.005951606624370101, "data_time": 0.028974580764770507, "loss": 0.13014555349946022, "decode.loss_ce": 0.08286206647753716, "decode.acc_seg": 97.44219970703125, "aux.loss_ce": 0.04728348664939404, "aux.acc_seg": 96.70515441894531, "time": 0.23051776885986328, "iter": 8850, "memory": 10249, "step": 8850}
{"lr": 0.005927984970892296, "data_time": 0.03070521354675293, "loss": 0.14066566303372383, "decode.loss_ce": 0.08943832367658615, "decode.acc_seg": 96.67144012451172, "aux.loss_ce": 0.05122733786702156, "aux.acc_seg": 95.84417724609375, "time": 0.2324812650680542, "iter": 8900, "memory": 10249, "step": 8900}
{"lr": 0.005904352674595399, "data_time": 0.0338454008102417, "loss": 0.1427130676805973, "decode.loss_ce": 0.09091925397515296, "decode.acc_seg": 97.56364440917969, "aux.loss_ce": 0.05179381296038628, "aux.acc_seg": 96.89888763427734, "time": 0.23569025993347167, "iter": 8950, "memory": 10249, "step": 8950}
{"lr": 0.005880709682493754, "data_time": 0.03191452026367188, "loss": 0.14334476441144944, "decode.loss_ce": 0.09094120264053344, "decode.acc_seg": 96.696044921875, "aux.loss_ce": 0.052403561770915985, "aux.acc_seg": 95.75967407226562, "time": 0.23333384990692138, "iter": 9000, "memory": 10249, "step": 9000}
{"lr": 0.005857055941095817, "data_time": 0.030676865577697755, "loss": 0.14626761376857758, "decode.loss_ce": 0.09323345348238946, "decode.acc_seg": 95.94679260253906, "aux.loss_ce": 0.05303416140377522, "aux.acc_seg": 94.74992370605469, "time": 0.23302125930786133, "iter": 9050, "memory": 10249, "step": 9050}
{"lr": 0.005833391396396979, "data_time": 0.029143762588500977, "loss": 0.13332109078764914, "decode.loss_ce": 0.08473318517208099, "decode.acc_seg": 96.39286804199219, "aux.loss_ce": 0.04858790598809719, "aux.acc_seg": 95.22853088378906, "time": 0.2312241554260254, "iter": 9100, "memory": 10249, "step": 9100}
{"lr": 0.005809715993872293, "data_time": 0.029335951805114745, "loss": 0.1388259708881378, "decode.loss_ce": 0.08869865909218788, "decode.acc_seg": 96.4224853515625, "aux.loss_ce": 0.050127312913537024, "aux.acc_seg": 95.54199981689453, "time": 0.23109064102172852, "iter": 9150, "memory": 10249, "step": 9150}
{"lr": 0.005786029678469011, "data_time": 0.033403849601745604, "loss": 0.14193467125296594, "decode.loss_ce": 0.09052299410104751, "decode.acc_seg": 96.34680938720703, "aux.loss_ce": 0.05141167789697647, "aux.acc_seg": 95.34568786621094, "time": 0.2350944995880127, "iter": 9200, "memory": 10249, "step": 9200}
{"lr": 0.005762332394599025, "data_time": 0.028464698791503908, "loss": 0.1396329417824745, "decode.loss_ce": 0.08906799405813218, "decode.acc_seg": 96.02555847167969, "aux.loss_ce": 0.05056494772434235, "aux.acc_seg": 94.97637939453125, "time": 0.23092353343963623, "iter": 9250, "memory": 10249, "step": 9250}
{"lr": 0.005738624086131144, "data_time": 0.028184914588928224, "loss": 0.13871306404471398, "decode.loss_ce": 0.0879467748105526, "decode.acc_seg": 96.56758117675781, "aux.loss_ce": 0.05076629035174847,